uri,cid,author_handle,author_display_name,text,created_at,like_count,repost_count,reply_count,quote_count,keyword
at://did:plc:mv3tgtdh3fjhwlfxga6ryiyz/app.bsky.feed.post/3la26e2vrk72u,bafyreicxteprdcflpjc5ql4mw22feib3eqt455wcasegm3xlryrp2f5vym,sokky.bsky.social,sokky,"at my grandmother's (dadside) house for probate I found a picture of me when I was 10 or 9 and completely didn't notice the AMD shirt I was wearing
I was so goated for that tbh",2023-02-28T04:05:09Z,0,0,0,0,AMD
at://did:plc:qfv4mj5cgbnurilwhcl5emrm/app.bsky.feed.post/3lbkexk6wkn2u,bafyreigxggmrgnryr352yk3a6sbksdqn77ft6hbmu6ujfbtc3u5sxn6hw4,raeaaah.bsky.social,it's rae,"*SNAPS AWAKE FRIM REM SLEEP*

LANCE PULLING ON KEITH'S TAIL AT THE BASE TO RAISE HIS ASS UP CASUE THE STRENTGH IN KEITHS THIGHS AMD HIPS ARE GIVING OUT FROM THE HARD SEEING TO OF BEING POUDNED INTO THE MATTRESS

*return s to repose*",2023-02-22T08:54:31Z,0,0,0,0,AMD
at://did:plc:fjsmdevv3mmzc3dpd36u5yxc/app.bsky.feed.post/3jpcfz3zx5s2j,bafyreic2xw5tamnr5c3u43t4qvrhlor6fuuf7tcpon5bwhlcq7rmyvwb3u,hnbot.bsky.social,,AMD CEO: The Next Challenge Is Energy Efficiency,2023-02-21T21:16:03.657Z,0,0,0,0,AMD
at://did:plc:fjsmdevv3mmzc3dpd36u5yxc/app.bsky.feed.post/3jpafujmffk2j,bafyreiesgphpi3hnat2qbrntqfagnpz36ap3gjztpynn4dnpn2dyzr56am,hnbot.bsky.social,,AMD EPYC 9004 Genoa Under-the-Lid – ServeTheHome,2023-02-21T02:08:10.644Z,0,0,0,0,AMD
at://did:plc:fmocyd4lbymlsx6o6umgaxuy/app.bsky.feed.post/3lbbguwvhkc27,bafyreiegr4pcrqwvn4ip3fzm6wtfxysz75urr5db4fjeicbqz2ndv7s33m,yunod.sustainabletranslator.scot,優noD🏴󠁧󠁢󠁳󠁣󠁴󠁿,"Grey amd windless but very mild.
#イマソラ #TayBridge #Dundee #sky",2023-02-20T11:19:10Z,0,0,0,0,AMD
at://did:plc:fjsmdevv3mmzc3dpd36u5yxc/app.bsky.feed.post/3joy42opolk2h,bafyreidbqj4zm6ot57lwnyaetqeotk2tbeykve7a4fw4iqzmnrji7zpxxu,hnbot.bsky.social,,AMD ROCm: A Wasted Opportunity,2023-02-17T18:51:21.997Z,0,0,0,0,AMD
at://did:plc:fjsmdevv3mmzc3dpd36u5yxc/app.bsky.feed.post/3joskb4c5yc2c,bafyreibdmsujidz2qjb7t7ffrary343rj4ijwtz4nfirqsdisgr6tvm6ta,hnbot.bsky.social,,AMD Grabs over 30% CPU Market Share as Intel Continues to Decline,2023-02-15T13:49:31.519Z,0,0,0,0,AMD
at://did:plc:rczgqr2dwzgholzxqgzmb2ot/app.bsky.feed.post/3lai3kvkoou27,bafyreihdhjfcqftj6aup4nosho3dyoakwylz6527g4lfb4ktjnd42rjoni,seanrr.bsky.social,Sean Ryan,"'Coming soon', amd now for $11!",2023-02-14T02:54:08Z,0,0,0,0,AMD
at://did:plc:s2df6atbgb5i6g7v544mjjwe/app.bsky.feed.post/3m2zrskm42g27,bafyreihgan5ohyftj6eyr3ydkwhtrpwrrugnxm7b4uekjehkvl6rqjjp24,scottybluesky.bsky.social,Scotty,"I have watched Day of the Daleks once when it was repeated on UKGOLD many moons ago. Last night I watched episode 1 on itvX amd honestly, it felt like a missing episode had been returned. Such an oddly paced setup. That huge futuristic set is impressive",2023-02-10T07:36:22.000Z,0,0,0,0,AMD
at://did:plc:ejozl3npbnzydqh2ofjzw4u6/app.bsky.feed.post/3lbl3eavsjn2i,bafyreifc5vzdz5ucwegr6eg4hgsmmgwriiakvbrxnnpfdvpmocw734w4ua,zakrnjac.bsky.social,,"Pokrećem akciju - branitelj silovatelja.

Kada naiđete na takav oblik života, ostavite mu tag
#braniteljsilovatelja u komentaru, i žigošite tu stoku, jer stoka mora biti žigosana.",2023-02-26T19:06:46.000Z,0,0,0,0,MU
at://did:plc:rvpsegqxfbghdr4xdou4w6hp/app.bsky.feed.post/3lbfcecfcbj2s,bafyreib2zl25etimsgqz2hjzy4dfz2o4sjxtsfnzcdk3mcis3hfy5ozlsy,aryosomegumul.bsky.social, Aryo,"A zapomniałem wspomnieć, ze u Striełkowa żona nie nadąża mu robić bigosu taki jest zły :)",2023-02-21T10:13:05.000Z,0,0,0,0,MU
at://did:plc:to3ssfd4wtmd3fbcir24umg4/app.bsky.feed.post/3l7yfo2ng7y2b,bafyreicepamqzdekomgfmz4dwpx2pw7yok2kk75py4gzsatgrghcy2tabm,yellowbrickurban.com,Alex Pemberton,"Germantown, 12South, Music Row are so fully gentrified that housing no longer orients to ""pioneers"" with stacked flats, many small townhomes, or other diverse forms anticipated by MU- & OR- zones.

It's all massive, ultra-lux units from here on.

A crisis of unit-type diversity.",2023-02-20T15:22:28Z,0,0,0,0,MU
at://did:plc:ahkyinryixa4ebll4prtry76/app.bsky.feed.post/3k5cndj2rq727,bafyreic5m6ippt4oqe2pbkznfureiz6dlmnkwpwzoim6jtprrrqeyvygjy,umutoku.bsky.social,Umut Oku,"Yaşıyor mu yalnızlığım
Gece dediğin
Üstüme düşen gururlu
Gölge oyunu
Bozamıyorum ve değişiyor
Ben değişiyorum
Ya da
Gece değişiyor",2023-02-18T22:43:41Z,0,0,0,0,MU
at://did:plc:kgpqgda4ojbemlyktn2gikh3/app.bsky.feed.post/3lf65ctn4lg2v,bafyreiducrwtkwhotdmdmtu6dnuhp7bnxbkpmwo5eyll5sujrlrzcx65wy,aemreusta.bsky.social,Emre,M2 diyince Hacıosman mı yoksa Koru mu dedim ne işim var benim bu şehirde:P https://t.co/ptL1PtTfRm,2023-02-18T20:36:26Z,0,0,0,0,MU
at://did:plc:k3hu4glqaehrvdww4gg2dsao/app.bsky.feed.post/3lfg3ijly3y2y,bafyreifjm3jhepxzbkhole6wf5iz6ychkqirqlmuqz3ut3bw2rjvbq4atu,ozgurozturk.net,Özgür Öztürk,Göbeklitepe'de hasar oldu mu acaba? Biraz bakındım ama bir haber göremedim.,2023-02-16T12:03:51.000Z,0,0,0,0,MU
at://did:plc:gap472dgyhtpsijlt5nmrmue/app.bsky.feed.post/3lbs2cmgk742m,bafyreic37n4x5vstpuxaeynmmsrmthhdbp2yhu4of77x7f3vmz2wvrx62e,goksel.tr,T.C. Özgür Göksel,"Depremde hayatını kaybedenler sayılıyor, yaralılar sayılıyor, yıkılan binalar sayılıyor, hasar görenler sayılıyor.
İyi de neden KAYIP lar sayılmıyor yada sayılıp açıklanmıyor. İnsanlar ulaşamadıkları yakınları için başvuru yapmıyor mu @eczozgurozel @ajans_muhbir @yirmiucderece",2023-02-14T13:44:48.000Z,0,0,0,0,MU
at://did:plc:rvpsegqxfbghdr4xdou4w6hp/app.bsky.feed.post/3lbfbxzhn772p,bafyreice7eugdwnbzhy3yfa2pcxlatm6a2wi22tmbo4jfjpx6zkyqhujsi,aryosomegumul.bsky.social, Aryo,"Kolejny wujek będzie jechać na front. Dzięki wpłatom od obserwujących w postaci napiwków oraz wpłat na Patreon mogę pozwolić sobie na zakup mu podstawowego wyposażenia, UA Future też  dostarczy też trochę sprzętu dla żołnierzy z Chmielnickiego.",2023-02-14T09:01:16.000Z,0,0,0,0,MU
at://did:plc:ky2cexad2cqxrmba4izltrse/app.bsky.feed.post/3lhvylssuyg2r,bafyreie6onbsmgun6iymejnjwk2t64vlk2jrmddlmmg7fhalm37wglf67u,chrisjustinr.bsky.social,Chris Justin,"Don't want to be sentimental and all but ka nice nga naay niappreciate sa imo work esp nga dili mu close jud and wa pud ko ga expect. I only posted/""published"" it so that it'll be there, like a mark. ☺️",2023-02-09T02:34:52.000Z,0,0,0,0,MU
at://did:plc:cjg4endjq43g7xjibgprydmd/app.bsky.feed.post/3l6kloklpdj2v,bafyreiguam4ut4ggsgwj27wastfmz7uorl66mog3oq7le7mfrt7vvxmojy,anotherelfo.bsky.social,theo,pau no cu do 3l0n mu$k,2023-02-08T22:58:53Z,0,0,0,0,MU
at://did:plc:n2gfralyli4iviwkei5mjepo/app.bsky.feed.post/3lgoulfkwme2r,bafyreid22if4axnbnwiwoahaeiey4os7vqbh2gq4v3hm3iwpfdfbtcmmvq,daurmith.bsky.social,Daurmith,Otros que están MU TONTOS,2023-02-08T20:41:21Z,0,0,0,0,MU
at://did:plc:dq55emug4bwwzfzmdnqjmzbg/app.bsky.feed.post/3lbx4lbbp5v23,bafyreif7yvkdst5cc4jaiw3qxuauqougawfml6bkgqtfd7oehkpb7x2wfq,cydoniza.bsky.social,idil,"Fabrika bacası gibi tüten bir tiryaki olarak aklımda olan bir konuydu. Yine de yardım kolilerine sigara konur mu, konsa bunun orada sevkiyatı yapılır mı hiç bilemiyorum.

t.co/XgT8NBcQP2",2023-02-08T17:23:04.000Z,0,0,0,0,MU
at://did:plc:n2gfralyli4iviwkei5mjepo/app.bsky.feed.post/3lgoulhmtye2r,bafyreiahdx4y2v7qay2uridiapsff7vjsry45intjrnp6he3mad23p74c4,daurmith.bsky.social,Daurmith,Esto del todoonadismo es mu cansao.,2023-02-08T10:39:41Z,0,0,0,0,MU
at://did:plc:qcekoo22auvcilqixohjo7ub/app.bsky.feed.post/3lcfv3jqq2q2o,bafyreia4aic4thcv6xhi4qcssyvmtqdeqm7ke3r3ghnydlfodspaekyfye,jimv.me,Jim Vajda 🛜,"Wi-Fi 7 will not have a SU PPDU format, even though SU mode remains. SU is formatted as MU PPDU. The only other format will be Trigger-based PPDU. A ""simplification."" #WLPC",2023-02-07T22:39:28Z,0,0,1,0,MU
at://did:plc:gyi6qavh43jyyesa55xvlstr/app.bsky.feed.post/3lbbhik6mqx2p,bafyreiacoxa52nhpntko4g3lmpujmt4suf5qziz2xfcexueskuzaizph5y,2old2guard.bsky.social,2old2guard,"Oh my god, good eyes!!  Stupid El0n Mu$k and his blue check mark that can be purchased by anyone.

the OFFICIAL Netflix Spain (@.NetflixES) account has a gold check mark:",2023-02-06T19:43:15.000Z,0,0,0,0,MU
at://did:plc:rvpsegqxfbghdr4xdou4w6hp/app.bsky.feed.post/3lbfbdekrf62i,bafyreifqrr77kiwvzwxebcamn5oahoz2lbft6hm4wqdzbhvjjaocpxu6ga,aryosomegumul.bsky.social, Aryo,"Tak sobie myślałem żeby robić tłumaczenia Girkina, ale podkładać mu głos Xardasa, ale widzę, że niestety projekt Mekatron został zamknięty :(",2023-02-02T21:07:34.000Z,0,0,0,0,MU
at://did:plc:oblinqfxws56ylta75m35cej/app.bsky.feed.post/3lb3j3xyvxj2o,bafyreieavlt7h3r5qim4xk7sfnlmywkbgaveouyf4mn5c4a5ca4i23mgti,mirvansmusings.bsky.social,MirvansMusings,Step one of master plan complete. No problems with the powers that be and hosting charity board game days here at the office. Mu Ha Ha Ha,2023-02-01T16:09:40.000Z,0,0,0,0,MU
at://did:plc:3wissskstb3hhion5c4jigzc/app.bsky.feed.post/3lamrj3566c2c,bafyreihv65etl7vhvd7e4ixqf763gcbxbizhntgpbrlri7lxl2hs33ozmi,tilehopper.my.id,Rizki Salminen 💜,"QRIS, Kyuris, Kris susah amat sih be like me,

kalau nyebut gituan bilangnya cuman “pake QR bisa?”",2023-02-05T23:01:39.000Z,0,0,0,0,AMAT
at://did:plc:okizfeln5gbwzt7fsctse4nx/app.bsky.feed.post/3lagyizfyim2w,bafyreid5ubfyg2aupmwz3fgkxv36erruouku6tdrnyfunn5c3dasi5zkfu,glitch.mov,Addie / EposVox,Nvidia really going for the minimalism advertisements,2023-02-27T15:32:48Z,0,0,0,0,NVIDIA
at://did:plc:yrvwzbezzfhhd4wwxpivylyz/app.bsky.feed.post/3lcz3aq6yyf2t,bafyreia4ggewlw65fnvvfhbmkjs4dzl5pudqabkramwsmwrpcn5o22sp44,dirkhagemann.substack.com,Dirk Hagemann,"Hey 😍 magst du noch mit raufkommen und meine Value Aktien sehen?

— „Value? Also besonders teure? Mit hohem KGV? 🤔 NVIDIA?“

😒 Immer noch Single.",2023-02-26T20:53:42Z,0,0,0,0,NVIDIA
at://did:plc:chziyi2eghnipx3pyqcrdp3u/app.bsky.feed.post/3ldbjn5oc4m24,bafyreifcvmmyfuugxhekadwffxhgxwssv2wj7556r3ido6h5ceubp7xvna,masahito-yamazaki.bsky.social,Masahito Yamazaki,"GPU explained
https://www.youtube.com/watch?v=-P28LKWTzrI&ab_channel=NVIDIA",2023-02-19T00:14:10.000Z,0,0,0,0,NVIDIA
at://did:plc:bapnorbjvs43bojtwki62mpd/app.bsky.feed.post/3joqvagfuic2t,bafyreiaupr3vokz3tbvfgpyikseoesy4nqfy2juyf2c6yuj2qrqftya3sa,chris.bsky.social,Chris Painter,Buy NVIDIA call options,2023-02-15T06:00:40.164Z,1,0,0,0,NVIDIA
at://did:plc:fjsmdevv3mmzc3dpd36u5yxc/app.bsky.feed.post/3jopdbbjkck2j,bafyreifyvy32nkla7ccvgsuibaznbjyxp2spuouk7wrfcwpjwn5hd4zi6i,hnbot.bsky.social,,ChatGPT Hardware: A look at 8x NVIDIA A100 powering the tool,2023-02-14T07:06:21.590Z,0,0,0,0,NVIDIA
at://did:plc:yrvwzbezzfhhd4wwxpivylyz/app.bsky.feed.post/3lcz6qv4piw25,bafyreicez5zqalorpttlci6ybyiu7qfvhaex3g3vok66e6njc4tbd6aueq,dirkhagemann.substack.com,Dirk Hagemann,"wiederholt wurde mir von Absolventen der Clownschule berichtet, dass Tezzler weltweit führend in Künstlicher Intelligenz sowohl bei Soft- als auch Hardware sei, aber wieso wird dann ChatGPT auf 225 Mio. US$ NVIDIA Hardware trainiert häää",2023-02-10T13:49:11Z,0,0,0,0,NVIDIA
at://did:plc:yrvwzbezzfhhd4wwxpivylyz/app.bsky.feed.post/3lcz6rjmeqi2k,bafyreibzfwkdjiitdsoj24c4xi3rh7xhbtdqpyttbuam3jc3mjbiaqs2nm,dirkhagemann.substack.com,Dirk Hagemann,"wiederholt wurde mir von Absolventen der Clownschule berichtet, dass Tezzler weltweit führend in Künstlicher Intelligenz sowohl bei Soft- als auch Hardware sei, aber wieso wird dann ChatGPT auf 225 Mio. US$ NVIDIA Hardwäre trainiert häää",2023-02-10T13:43:39Z,0,0,0,0,NVIDIA
at://did:plc:yrvwzbezzfhhd4wwxpivylyz/app.bsky.feed.post/3lcz6rjnagz2t,bafyreif65mxj6pzaztszhjb7f5dgabvnydka4kwgiunpjxacpasvi63b5y,dirkhagemann.substack.com,Dirk Hagemann,"wiederholt wurde mir von Absolventen der Clownschule berichtet, dass Tezzler weltweit führend in Künstlicher Intelligenz sowohl bei Soft- als auch Hardware sei, aber wieso wird dann ChatGPT auf 225 Mio. US$ NVIDIA Hardwäre trainiert häää",2023-02-10T13:41:02Z,0,0,0,0,NVIDIA
at://did:plc:maohwfcylgnfgdlntj27xddl/app.bsky.feed.post/3lc453qi6vf23,bafyreigy6shczl2zjszw7fd7id3uqbe6s7rpbm6bccj2owfxlpmbj3dvaq,patricio.io,patricio gonzalez vivo,http://lygia.xyz update... starting to work on some @nvidia CUDA parity (excited also to see it expand to MSL and WGSL),2023-02-04T12:33:25Z,0,0,0,0,NVIDIA
at://did:plc:ltt6wp7dfn7jnkd5hxcdprgp/app.bsky.feed.post/3lafly7xkox23,bafyreigvd5plp66gebooejfenv4qsuypf67bvjciphdpkt36mpnrwtbz3a,ishcakes.tv,Ghoulia Roberts 👻,Why does it crash OBS? How can I fix this?! I want to use Nvidia Broadcast for these features.,2023-02-04T02:55:04Z,0,0,0,0,NVIDIA
at://did:plc:ltt6wp7dfn7jnkd5hxcdprgp/app.bsky.feed.post/3laflkp527q23,bafyreib5ztqnmqe6ryrav2ww73xmdjnqih6aa6htw6fiaon6v5hsuy7nsi,ishcakes.tv,Ghoulia Roberts 👻,"So Nvidia Broadcast makes my OBS crash constantly. I love it because I can use the nice blur blackground feature , it looks so much better than seeing my shitty office. Also the mic noise suppression is AMAZING. Far better than any settings have been to do in OBS.",2023-02-04T02:55:03Z,0,0,1,0,NVIDIA
at://did:plc:w3of33mjvdppdbdbn3re6m7x/app.bsky.feed.post/3lb3jcugtro2x,bafyreicggkkigdo4besnnytfbf2f7gdypcncres3rqcck5i26rfuky6yya,v1k0d3n.bsky.social,Brandon B. Jozsa,"@davidbombal I pinged you on a YouTube thread a while back about Kubernetes virtualization, security and accelerated networking with the NVIDIA Bluefields. Did you still want to chat about some of this content for your channel? You can DM me for more info if you’re interested.",2023-02-01T14:05:00Z,0,0,0,0,NVIDIA
at://did:plc:fjsmdevv3mmzc3dpd36u5yxc/app.bsky.feed.post/3jnoovcst2c2m,bafyreibr3onnwibqbd7i3c5t5gmlgj7rf6vz3dj6cejruakvgb7iwwptsi,hnbot.bsky.social,,"When Discord is open in the background, NVIDIA card will not reach full speeds",2023-02-01T07:36:33.832Z,0,0,0,0,NVIDIA
at://did:plc:bctx7gcx7o6ybugsc6fzog4m/app.bsky.feed.post/3lidnqvtg772q,bafyreibd7ylmxrlxfq3hq26b2y5yfrgqck5wb7fmf3si2bli3yn22bcpvq,bombshelldaily.bsky.social,Bombshell DAILY,"MOSCOW DIGESTS STOLEN INTEL FROM TRUMP
Hosts on Russia's  television said that Moscow has already been ""studying"" top secret and other classified documents the FBI sought through a search warrant of former President Donald Trump's Mar-a-Lago resort...",2023-02-28T22:13:18Z,0,0,1,0,Intel
at://did:plc:to6etz67z3mmfaeaqtnuqxbk/app.bsky.feed.post/3lj4qwmaweq2d,bafyreiffgzkt32lrtrpo4ieep4word4gfhghqs2jtdg7ukliv6zai2ca2e,danielollecto.bsky.social,Daniel Ollé,"""With the Linux Foundation’s Project Camara, Microsoft, Google Cloud, IBM, Ericsson, Intel and others have been working with carriers like AT&T, Deutsche Telecom, Orange, T-Mobile US, Telefonica, TELUS and Vodafone to create an open API standard""...",2023-02-28T21:35:59Z,1,0,1,0,Intel
at://did:plc:to6etz67z3mmfaeaqtnuqxbk/app.bsky.feed.post/3lj4riti24c2d,bafyreihzx32g6h4g5nlk5hqpakqfkscbujq3et62kgv4fmmo5p3zgbq7ci,danielollecto.bsky.social,Daniel Ollé,"Discussing ""inline"" acceleration in OpenRAN silicon architectures https://www.lightreading.com/open-ran/intel-boasts-open-ran-monopoly-as-nokia-turns-to-others/d/d-id/783384#.Y_2rE8Aahcw.twitter",2023-02-28T07:20:41Z,0,0,0,0,Intel
at://did:plc:pva36gof5sqss32ayvpa3yay/app.bsky.feed.post/3lhi6ip7itd22,bafyreictg6h2lv6jlnn55mak5rp7zjpje3ma7grdgsh53epi4m7n4t4fr4,cnx-software.com,CNX Software,"Upcoming @intel Alder Lake-N #SBC by @AAEON  with up to 16GB LPDDR5, SATA and NVMe storage, support for three displays, dual 2.5GbE, and expansion via M.2 sockets, 40-pin GPIO header. #Windows10 #Ubuntu #Yocto #linux #smartfactory #robotics #digitalsignage

cnx-software.com/2023/02/27/up-…",2023-02-27T10:52:15.000Z,0,0,0,0,Intel
at://did:plc:sg4do5aex77ou556iny5kosb/app.bsky.feed.post/3lbk3hxkc5q2y,bafyreig4kpbsn52swuus5ck5w2jffg2v3sojv5i7wuczmbuxm7pbs3ohbq,lrushfeldt.bsky.social,lrushfeldt,"Racers have been scouting the trails and sharing intel on the ITI Racers Facebook group, at race welcome events, etc. There are still trail updates and well wishes being posted now, right up until race kickoff. No one hoards intel; its a very collaborative vibe 🥰",2023-02-26T17:09:44Z,0,0,1,0,Intel
at://did:plc:fjsmdevv3mmzc3dpd36u5yxc/app.bsky.feed.post/3jpk3ttv3x22m,bafyreigb43scx3cppbdvdb6ovpfoji4koa7o5ij2667xi3xxc4377mm67a,hnbot.bsky.social,,Reverse-engineering the interrupt circuitry in the Intel 8086 processor,2023-02-24T22:35:27.827Z,0,0,0,0,Intel
at://did:plc:ztdhtoutfho5uxawwoc2b5m5/app.bsky.feed.post/3lbatngkxvc2s,bafyreialx5kq633u4iz362beme3r2wiwtozjwrgbdzev22qmtwyzjqfm5e,enjusarchive.elliotnj.us,@enjus archive 🐦,"Intel switched off a pollution control mechanism, apparently by accident, and left it off for nine weeks last year. 

It self-reported the issue after it was discovered and says emissions remained below established limits, @rogoway reports:",2023-02-24T17:21:40.000Z,0,0,0,0,Intel
at://did:plc:bctx7gcx7o6ybugsc6fzog4m/app.bsky.feed.post/3lids42ieul2d,bafyreiffdypqxkiurm4jhqekpg3egdzg75al2cjrajgbh5djihhgnhv43u,bombshelldaily.bsky.social,Bombshell DAILY,"TRUMP STOLEN INTEL MOVED
As subpoenas were ignored, it gave Trump time, to again conceal stolen secrets, for later monetization. #espionage #iran #china #saudi #courier 
http://dlvr.it/SjxP2W",2023-02-24T15:09:46Z,4,5,0,0,Intel
at://did:plc:pva36gof5sqss32ayvpa3yay/app.bsky.feed.post/3lhi6htoxjj2p,bafyreiaglc7fbukionhyd6dyx6ws6hgbwbq4wbg623upryrtu7akq6qo7a,cnx-software.com,CNX Software,".@intel Core i5-1240P or Core i7-1260P Alder Lake #miniPC with up to 64GB DDR4, #NVMe and/or SATA storage, support for up to four 4K displays, 2.5GbE and more sold for $400 and up. #networking #digitalsignage #windows11 #linux

cnx-software.com/2023/02/24/kc1…",2023-02-24T04:22:46.000Z,0,1,0,0,Intel
at://did:plc:pva36gof5sqss32ayvpa3yay/app.bsky.feed.post/3lhi6hdrpfi2b,bafyreiedom5grops2nmx64zuqj2sljf75za6b7vn5rigo6truweyg2zmny,cnx-software.com,CNX Software,".@iXsystems has launched the #TrueNAS Mini R system with 12 3.5-inch #SATA bays running either the #FreeBSD-based TrueNAS CORE (previously FreeNAS) or the new cross-platform #Debian-based TrueNAS SCALE.  #NAS #Intel #linux

cnx-software.com/2023/02/23/tru…",2023-02-23T08:02:02.000Z,0,0,0,0,Intel
at://did:plc:vrmx2e5gsi23srsy2n7vljvb/app.bsky.feed.post/3lbqusgcymt2y,bafyreiazw5lxwihqoes6kyoraq67tyqzx54lmgc7xdyw5uh2u6gy43qyqa,rparloff.bsky.social,Roger Parloff,"K: what were your conversations with Tarrio?
we were very expectant of violence that night. antifa would be out that night; intel out over internet about where they'd be. Tarrio had people planted within the Antifa cell so he'd know where they were. 

/105",2023-02-21T20:44:09Z,0,0,1,0,Intel
at://did:plc:sg4do5aex77ou556iny5kosb/app.bsky.feed.post/3lbkcct43su2v,bafyreifekvug43uinmrjrum7gg4vgyxztqpn44cxgdlvmt4nqg3i5itwdm,lrushfeldt.bsky.social,lrushfeldt,"We also had a movie night party; of course we watched “Safety to Nome”, the documentary that followed one year of the race. Throughout the classes, I filled a notebook with notes, especially during the race breakdown where they described the route to McGrath and key insider intel",2023-02-20T02:38:27Z,0,0,1,0,Intel
at://did:plc:pva36gof5sqss32ayvpa3yay/app.bsky.feed.post/3lhi6fl55qx25,bafyreidfh7lww6avtgmpyrnd7a67yxe5kq2f3qs3xrun4uxtaghillo7su,cnx-software.com,CNX Software,".@ADLINK_Tech has launched an #IoT development kit based on a COM Express module with an @intel Alder Lake-H processor running either #Ubuntu 20.04 or #Windows10.

cnx-software.com/2023/02/18/iot…",2023-02-18T05:01:50.000Z,0,0,0,0,Intel
at://did:plc:bctx7gcx7o6ybugsc6fzog4m/app.bsky.feed.post/3lieci3woto2q,bafyreicicsfrivuzu7n2yf3ngpescxk25cwpkubjgpfv6e5p5hcnwdd6ba,bombshelldaily.bsky.social,Bombshell DAILY,"COPS SHARED INTEL WITH TRUMP’S TERRORISTS
Enrique Tarrio was, in late 2020, fed information by an ""intelligence officer"" for the Metropolitan Police. #conspiracy #terrorism #jihadism #PoliticalViolence #cahoots @CapitolPolice  
http://dlvr.it/SjWcW9",2023-02-16T15:47:29Z,0,0,0,0,Intel
at://did:plc:fjsmdevv3mmzc3dpd36u5yxc/app.bsky.feed.post/3josmqgq5ec2j,bafyreifkvx4egvyf3tf2aq6ppn6xwavnp7tymvj6t25cdpvgawymx6zkny,hnbot.bsky.social,,"Intel Publishes Fast AVX-512 Sorting Library, 10~17x Faster Sorts in NumPy",2023-02-15T14:33:53.262Z,0,0,0,0,Intel
at://did:plc:qcekoo22auvcilqixohjo7ub/app.bsky.feed.post/3lcfv3cu2ql22,bafyreia2szys753fpagbv5jxko76dkvieiueimaurdkoiszljteez3hn2i,jimv.me,Jim Vajda 🛜,"Here's an Intel AX211 barfing up “radio calibration” frames in 6 GHz, using 11n and 11ac PHY modes 🙁 ",2023-02-15T00:09:17Z,0,0,0,0,Intel
at://did:plc:khpa3ku6zgtjvmiuwszrdkwg/app.bsky.feed.post/3lbao6hqce62m,bafyreic26l3xdl2vwnpbaajiuqvtmuxyo7wsa35wbl4caj5hcrtaelcyxe,smwiz.bsky.social,SMWiz,"I picked up a new laptop: MSI Stealth 17.3in 144hz Intel Core i7 w/ RTX 3060, 1TB SSD, & 16GB RAM. It has expandable ports for more storage & RAM. I can now work on personal projects while watching tv w/ the wife in the evening. I'm fiddling around w/ making a game in GameMaker.",2023-02-14T01:18:28.000Z,0,0,0,0,Intel
at://did:plc:jhnchvs2ckihq2w5nz5oioxm/app.bsky.feed.post/3lbvxl4w72s24,bafyreidhbj36tehn52vjelf67pufvgboioqblrcxtsomnlzclleh4cyb6y,yminsky.bsky.social,Yaron Minsky,"Periodic PSA: if you care about performance and you're running on Intel hardware and haven't yet tried out magic-trace, you're missing out. It's just such a beautiful tool.

https://magic-trace.org",2023-02-13T20:13:23Z,0,0,0,0,Intel
at://did:plc:bctx7gcx7o6ybugsc6fzog4m/app.bsky.feed.post/3lieeasuwgj2v,bafyreifww25g36hhsmxkhbfrlclyt4jbcu4p23ph5ulrxsguahg7ztxyje,bombshelldaily.bsky.social,Bombshell DAILY,"INTEL FOLDER WAS BEING USED AS TRUMP NIGHT LIGHT
Attorney reveals use for emptied intelligence folder recently returned to Federal authorities. #comfort #espionage #monetization 
https://www.huffpost.com/entry/trump-classified-folder_n_63e9b43ee4b0808b91c13bda",2023-02-13T12:31:38Z,0,0,0,0,Intel
at://did:plc:bctx7gcx7o6ybugsc6fzog4m/app.bsky.feed.post/3lieejyrzrm2j,bafyreid6vpakrlusm5gjm6v2tt2uhww4xbwrfsuxmw6raxwtffb2fx6gxa,bombshelldaily.bsky.social,Bombshell DAILY,"TRUMP IS ORDERED TO HAND OVER IDENTITIES OF THOSE VOLUNTARILY SEARCHING HIS RESIDENCES
A federal judge demands that Trump's attorneys turn over the exact names of anyone hired to search four properties, for intel documents, last year.
#espionage #saudi...",2023-02-12T18:54:00Z,0,0,1,0,Intel
at://did:plc:nqw365ubetn6r26frebixpn7/app.bsky.feed.post/3lbb7wlqv4e27,bafyreibxekxromda7xl64vsdjh4bqyufta2o2m454n6jsal7bxei4ntyp4,lisarokusek.bsky.social,Lisa Rokusek,"Man the Covid discourses really put a cherry on top of my awareness of this - but it was always there.  
If you are not doing a power/identity analysis in every choice you make and listening harder to folks in the deficit you are not getting good intel.",2023-02-12T15:54:17Z,0,0,1,0,Intel
at://did:plc:bctx7gcx7o6ybugsc6fzog4m/app.bsky.feed.post/3lieet4wlms2v,bafyreiacjcxbnl3tgykmrhkicbgxho3hub6ktjqff6pnwa3e2psxoyzvg4,bombshelldaily.bsky.social,Bombshell DAILY,"TRUMP ADMITS TO REPLICATING STOLEN INTEL
Storing, and distributing, are two totally different animals.
#copies #dissemination #espionage #intel @NSAGov
@ODNIgov #evidence #saudi #china #iran 
http://dlvr.it/SjGrWC",2023-02-11T18:21:02Z,0,0,0,0,Intel
at://did:plc:fjsmdevv3mmzc3dpd36u5yxc/app.bsky.feed.post/3joi56vwkmc2e,bafyreifujy7dzzr5ix357clpgff24nu77qkhwliupgx3p7ijcdjbcevdju,hnbot.bsky.social,,Silicon reverse-engineering: the Intel 8086 processor's flag circuitry,2023-02-11T10:29:01.708Z,0,0,0,0,Intel
at://did:plc:pva36gof5sqss32ayvpa3yay/app.bsky.feed.post/3lhi6cuqjoa2b,bafyreiaaz5hzyk2ykoom4czjinvmxkziuup3ee3hgliokthi744sfodsgy,cnx-software.com,CNX Software,".@VecowCo has launched a #fanless embedded computer with an @intel  Raptor Lake or Alder Lake processor, expansion capabilities (SATA bays, mPCIe, PCIe, M.2), and four 2.5GbE RJ45 or M12 PoE+ ports.   #artificialintelligence #robotics #rollingstock

cnx-software.com/2023/02/10/vec…",2023-02-10T08:05:19.000Z,0,0,0,0,Intel
at://did:plc:bctx7gcx7o6ybugsc6fzog4m/app.bsky.feed.post/3liegb3ckpk2v,bafyreiarfllkcsztodolmryyoq4il2zvo6uk275qaqwxezndyur7k633ga,bombshelldaily.bsky.social,Bombshell DAILY,"MOSCOW DIGESTS STOLEN INTEL FROM TRUMP
Hosts on Russia's  television said that Moscow has already been ""studying"" top secret and other classified documents the FBI sought through a search warrant of former President Donald Trump's Mar-a-Lago resort...",2023-02-09T19:14:27Z,0,0,1,0,Intel
at://did:plc:aftpqhi3aalypqrrtihaykz6/app.bsky.feed.post/3lf46ezkjn226,bafyreie5kowjlrgnsit4blxthhifiq2mtkpudtapjucqpn55mb55gd7wai,jtlenaghan.bsky.social,John Lenaghan,"I wouldn't have been too far wrong with 'primary' and 'everything else!'

What Are P-Cores And E-Cores On Intel CPUs? [Guide] - CPU Ninja

cpuninja.com/p-cores-e-core…",2023-02-09T17:23:11.000Z,0,0,0,0,Intel
at://did:plc:aftpqhi3aalypqrrtihaykz6/app.bsky.feed.post/3lf46evqr5o26,bafyreicxp3qepzn7okmb2teu3vzi4mp65xnqnq37ewrmq47uisv7ju3ahe,jtlenaghan.bsky.social,John Lenaghan,"In the last couple of days I said to someone who might know already that 'p' is primary and 'e' is unknown to me. Performance and Efficiency!

What Are P-Cores And E-Cores On Intel CPUs?:

cpuninja.com/p-cores-e-core…",2023-02-09T17:18:01.000Z,0,0,0,0,Intel
at://did:plc:bctx7gcx7o6ybugsc6fzog4m/app.bsky.feed.post/3lieh4ou2452x,bafyreiezp6iwrbpmq5t6qcwyo43u6fidfenf226f2s6enqagrhambde3ty,bombshelldaily.bsky.social,Bombshell DAILY,"BALLOON JUST A SMALL PARCEL OF CHINESE INTEL GATHERING OPS
U.S. officials said Chinese balloons have operated over at least five continents in regions such as Latin America, South America, Southeast Asia, East Asian and Europe.
http://dlvr.it/Sj8DM1",2023-02-09T07:18:12Z,0,0,0,0,Intel
at://did:plc:4gz3fnlqb6hizlo7lfulos25/app.bsky.feed.post/3lbcvuoye2w2i,bafyreibippenxf7djfptvdia2zq4mqdmld3egz5rxi5jpsrf3jrpdxcdou,peterlevy.bsky.social,Peter,"FS: MacBook Pro
13-inch, 2017, 2.5 GHz Intel i7
Memory 16 GB 2133 MHz
macOS Ventura 13.0.1 
Good condition (couple of small dents)
Battery replaced Nov 2021 
$100k",2023-02-08T17:07:01.000Z,0,0,0,0,Intel
at://did:plc:cz3dyczcfv5c2ermku253uwv/app.bsky.feed.post/3lb6jiuwgsx2t,bafyreifmeehy6c3zild2w37vzqc5cscfpfydwuej4ytttasv7mt4qzcvsq,smpl.fyi,m,https://forums.docker.com/t/run-x86-intel-and-arm-based-images-on-apple-silicon-m1-macs/117123/11,2023-02-08T01:17:56.000Z,0,0,0,0,Intel
at://did:plc:pva36gof5sqss32ayvpa3yay/app.bsky.feed.post/3lhi6bbbyen27,bafyreie6yckcy77ssp77u3sphirk4q6htrdtzwhmuzgwwscynce3gxmhj4,cnx-software.com,CNX Software,".@intel Celeron 4305UE Whiskey Lake PC box with eight 2.5GbE ports, up to 32GB RAM, mSATA and SATA storage, as well as HDMI, DisplayPort, and a few USB interfaces. #windows #linux #pfsense #firewall #networking

cnx-software.com/2023/02/06/inu…",2023-02-06T13:28:04.000Z,0,0,0,0,Intel
at://did:plc:ragtjsm2j2vknwkz3zp4oxrd/app.bsky.feed.post/3jnwznu6du22d,bafyreiecmb5accinrehzfvbjqkfyoirgyt3tea3sxwamvhhvfk5d7xhsnm,pfrazee.com,Paul Frazee,"Okay! Thanks for the intel, I’ll dig into it",2023-02-04T23:10:32.672Z,2,0,0,0,Intel
at://did:plc:aldivqgeqq5vqte2l3clqnv7/app.bsky.feed.post/3lgo4ihml2o2p,bafyreicogowhymyqpsnrvbcd5uyxkxuwo6t25ooh44i7gaah6owdvx5erm,chrismohney.bsky.social,Chris Mohney,"And of course, now the Chinese have detailed surveillance data about how our fighter jets respond to balloon incursions. We just gave away that intel! Next time the balloon won’t be so easy to take down. Good job biden",2023-02-04T22:04:26.000Z,0,0,0,0,Intel
at://did:plc:bctx7gcx7o6ybugsc6fzog4m/app.bsky.feed.post/3liekxgyyi72u,bafyreicyahg3xoqcoji2haa2dravj3yhxjpg23vzek3r3tu2pdjd3o5vhi,bombshelldaily.bsky.social,Bombshell DAILY,"TRUMP LIKELY RETAINS MORE CLASSIFIED INTEL
What does Donald still have?
#espionage #iran #china #monetization #nuclear
https://www.salon.com/2023/01/06/breakdown-in-trust-expert-says-judges-order-suggests-doj-suspects-has-more-classified-docs/",2023-02-02T06:34:36Z,0,0,0,0,Intel
at://did:plc:kdyiz4wzoan6ritkl777ts2e/app.bsky.feed.post/3lbc6hs2xsx26,bafyreic2kjnwxppoedrkk7klgxfwxwljpiykpkbtqlorf7t3eloinaraaq,amirbeshay.bsky.social,Amir Beshay,"This is how it’s done. Great job, @intel!

CEO: 25% pay cut
Exec team: 15% cut
Senior managers: 10% cut
Managers: 5% cut

Hourly workers and employees below the seventh tier in the company’s system won’t be affected.",2023-02-01T02:45:43.000Z,0,0,0,0,Intel
at://did:plc:untehckw7zfxotntwflrwz2v/app.bsky.feed.post/3lcb7jh5yq222,bafyreibdq3o3fhiju6wbcmg54oigxvbtqcqhqju2qgqiuexyyejay5riwm,unpubmedia.bsky.social,Unpublished.ca,#Ukraine intel chief predicted #Russia war. He says #Crimea will be retaken. - The Washington Post #uspoli #cdnpoli  https://www.washingtonpost.com/world/2023/01/31/kyrylo-budanov-ukraine-intelligence-boss-interview/,2023-02-01T00:49:35Z,0,0,0,0,Intel
at://did:plc:to6etz67z3mmfaeaqtnuqxbk/app.bsky.feed.post/3lj4t7drwoc2c,bafyreicm7zr5bog5bs3ta6xshu6durbnbjjduey5n77rio2phbyqcb7nbu,danielollecto.bsky.social,Daniel Ollé,"Telefónica's 5G mmWave deployment at MWC will use commercial spectrum, Ericsson's AIR 5322 & RAN Processor 6651, and user devices powered by Qualcomm's Snapdragon https://www.telefonica.com/en/communication-room/telefonica-ericsson-and-qualcomm-launch-first-commercial-5g-26ghz-at-mwc/",2023-02-19T18:28:00Z,0,0,0,0,Qualcomm
at://did:plc:pva36gof5sqss32ayvpa3yay/app.bsky.feed.post/3lhi6eogqbz2b,bafyreidwfplqook2no7bqx3t5n6nbr5v27rguzxqzuehqam425aej3nvja,cnx-software.com,CNX Software,".@Qualcomm has announced the Snapdragon X75 modem with ""5G Advanced"" (3GPP Rel 18) and an FWA platform for #5G routers with #WiFi7 and 10GbE running #OpenWrt or RDK-B. #wireless #networking #linux #semiconductors #automotive #IoT #smartphone

cnx-software.com/2023/02/16/sna…",2023-02-16T04:42:43.000Z,0,0,0,0,Qualcomm
at://did:plc:pva36gof5sqss32ayvpa3yay/app.bsky.feed.post/3lhi6c7kv4y2k,bafyreicbofmb4uhoueak5gynezpab662pbcf4imrilbhmyeaj2dgu3aj6i,cnx-software.com,CNX Software,".@Qualcomm Snapdragon X35 is a #5G Light-NR ""RedCap"" modem for #wearables, #IoT, and extended reality applications. #semiconductors #wireless

cnx-software.com/2023/02/08/qua…",2023-02-08T14:50:13.000Z,0,0,0,0,Qualcomm
at://did:plc:pva36gof5sqss32ayvpa3yay/app.bsky.feed.post/3lhi67wilid2d,bafyreige5emyel4fsg7dalpkl7l6rdj2zrypovidyolotymvoo6etlknv4,cnx-software.com,CNX Software,".@lantronix has launched two system-in-packages based on @Qualcomm QCS2290/QCS4290 for industrial #IoT and #machinelearning applications, along with a @96Boards compliant devkit.  #android12 #AndroidGo

cnx-software.com/2023/02/02/qua…",2023-02-02T07:43:34.000Z,0,0,0,0,Qualcomm
at://did:plc:fjsmdevv3mmzc3dpd36u5yxc/app.bsky.feed.post/3jox7tillc22u,bafyreiai4dt7emkf7dcdieofmk7u6s7y25acxe4x2igehgahv6rwg65btq,hnbot.bsky.social,,"Berkshire Hathaway buys more AAPL stock, ditches most of TSMC",2023-02-17T10:26:15.918Z,0,0,0,0,TSMC
at://did:plc:fjsmdevv3mmzc3dpd36u5yxc/app.bsky.feed.post/3joqemm3ygs2j,bafyreiaoenum47ygwte35vyiwhcsjpsq4fznqwmlt5k5hpsl7hvbmdzdq4,hnbot.bsky.social,,"Berkshire dumps shares in TSMC, banks; increases Apple stake",2023-02-14T17:03:15.288Z,0,0,0,0,TSMC
at://did:plc:4c3ozyw6nsim2tn53laexocl/app.bsky.feed.post/3lbnhlnxqsg2d,bafyreihchxdikyebaawqtcq5zxgdatzmuillgl5evrwdnnvzuahx76nnhe,sameo416.bsky.social,Matt Oliver,"More likely these meet the YY/T0969 standard which has no 0.1 micron filtration or fluid penetration requirements. For aerosol transmitted illness, a no PFE filtration is an issue.

Again, there is no 'close enough' with a standard. It's compliant or...",2023-02-28T21:40:53Z,1,0,1,0,Micron
at://did:plc:33fiaaotsgg6fqerk2xx452w/app.bsky.feed.post/3lc7rq3d56x2y,bafyreicns24r4t3niwdo3zyhjuyvzhbbhxxrh3uvi7rdzvkrl4w7qdkx6a,fromphdtolife.com,Jennifer Polk,"Their feedback will help you understand whether your materials align with industry norms, and if you’re effectively communicating your skills & experience.

It’s great to also get meaningful comments from folks on the hiring side of jobs you applied to, but you usually can't.",2023-02-17T20:22:38Z,0,0,1,0,Applied Materials
at://did:plc:5huroalarf3tnlftfnw6sbv2/app.bsky.feed.post/3lasebgdp6e22,bafyreihetzpbpxc7uyuxo4eqjt7lyywywat4ws2cexagu5hpmk77mnkndm,lanstein.bsky.social,Alex Lanstein,$250m ransomware fallout further down the supply chain (possibly temporary) -> https://ir.appliedmaterials.com/news-releases/news-release-details/applied-materials-announces-first-quarter-2023-results,2023-02-16T21:18:08Z,0,0,0,0,Applied Materials
at://did:plc:fjsmdevv3mmzc3dpd36u5yxc/app.bsky.feed.post/3jno47aix4k23,bafyreihajpsqjv73uzph3ghgma6vw3gzw7mouyrkriijmlpsftlvbrwdhq,hnbot.bsky.social,,US plans to fully cut off Huawei from chip suppliers,2023-02-01T02:02:05.856Z,0,0,0,0,Huawei chip
